{"0": 3.078659294554906, "1": 2.790353976421475, "2": 2.7717827980562766, "3": 2.769826166378045, "4": 2.7733454141557585, "5": 2.770580291748047, "6": 3.1311282993103404, "7": 3.1922259715773302, "8": 2.8907824451138513, "9": 2.777154270906626, "10": 2.773302563969393, "11": 2.777081815352351, "12": 2.773395870042884, "13": 3.2002253562026883, "14": 3.139162347923895, "15": 2.923016032817201, "16": 2.772866349783003, "17": 2.7758563023916683, "18": 2.7729114982652368, "19": 3.1354973834493887, "20": 3.1640978511075795, "21": 3.1351522599688226, "22": 3.139248285234345, "23": 2.776119445421681, "24": 2.773116875879513, "25": 3.1366511279751794, "26": 3.1356146913137497, "27": 3.136165405652538, "28": 2.9995388007312087, "29": 2.775279122109739, "30": 2.769303185599191, "31": 2.771101554728443, "32": 2.7717383248465404, "33": 2.7678398700974745, "34": 3.1285235008097585, "35": 3.04366794136, "36": 2.781834312107252, "37": 2.7735898509529067, "38": 2.7726569323806287, "39": 2.773554784170589, "40": 3.135632272092452, "41": 3.1327706567989373, "42": 3.307461554959694, "43": 2.7761007154950446, "44": 2.773228094444512, "45": 2.7656601852511766, "46": 2.7703754117029793, "47": 2.7641082431959068, "48": 3.1474409991909997, "49": 3.121543268239276, "50": 2.7979605538504466, "51": 2.776713471975386, "52": 2.7795966722950434, "53": 2.7670141421489833, "54": 3.1356232210716106, "55": 3.1333093939360626}