{"0": 0.6583850931677019, "1": 0.6832298136645962, "2": 0.6708074534161491, "3": 0.5869565217391305, "4": 0.6428571428571429, "5": 0.5527950310559007, "6": 0.6428571428571429, "7": 0.5807453416149069, "8": 0.6335403726708074, "9": 0.6180124223602484, "10": 0.6149068322981367, "11": 0.6428571428571429, "12": 0.6273291925465838, "13": 0.6428571428571429, "14": 0.6708074534161491, "15": 0.6273291925465838, "16": 0.6180124223602484, "17": 0.5714285714285714, "18": 0.6428571428571429, "19": 0.6459627329192547, "20": 0.6304347826086957, "21": 0.639751552795031, "22": 0.6521739130434783, "23": 0.5962732919254659, "24": 0.6304347826086957, "25": 0.6335403726708074, "26": 0.6273291925465838, "27": 0.6459627329192547, "28": 0.6428571428571429, "29": 0.6490683229813664, "30": 0.6273291925465838, "31": 0.6304347826086957, "32": 0.6304347826086957, "33": 0.6366459627329193, "34": 0.6211180124223602, "35": 0.6459627329192547, "36": 0.5714285714285714, "37": 0.6521739130434783, "38": 0.6211180124223602, "39": 0.6055900621118012, "40": 0.6273291925465838, "41": 0.6583850931677019, "42": 0.6677018633540373, "43": 0.6739130434782609, "44": 0.6335403726708074, "45": 0.6024844720496895, "46": 0.6490683229813664, "47": 0.6428571428571429, "48": 0.6273291925465838, "49": 0.6149068322981367, "50": 0.65527950310559, "51": 0.6459627329192547, "52": 0.6335403726708074, "53": 0.6024844720496895, "54": 0.6335403726708074, "55": 0.6180124223602484, "56": 0.6024844720496895, "57": 0.6118012422360248, "58": 0.6366459627329193, "59": 0.6708074534161491, "60": 0.6459627329192547, "61": 0.6521739130434783, "62": 0.6459627329192547, "63": 0.593167701863354, "64": 0.6428571428571429, "65": 0.6366459627329193, "66": 0.6118012422360248, "67": 0.6180124223602484, "68": 0.6242236024844721, "69": 0.6366459627329193, "70": 0.6335403726708074, "71": 0.6304347826086957, "72": 0.6677018633540373, "73": 0.6055900621118012, "74": 0.6211180124223602, "75": 0.6055900621118012, "76": 0.5869565217391305, "77": 0.6521739130434783, "78": 0.6335403726708074, "79": 0.6273291925465838, "80": 0.6677018633540373, "81": 0.6211180124223602, "82": 0.6335403726708074, "83": 0.6242236024844721, "84": 0.6335403726708074, "85": 0.6459627329192547, "86": 0.593167701863354, "87": 0.6428571428571429, "88": 0.6242236024844721, "89": 0.6149068322981367, "90": 0.6180124223602484, "91": 0.639751552795031, "92": 0.6366459627329193, "93": 0.6180124223602484, "94": 0.6273291925465838, "95": 0.6273291925465838, "96": 0.6832298136645962, "97": 0.6366459627329193, "98": 0.6428571428571429, "99": 0.6055900621118012, "100": 0.6490683229813664, "101": 0.6304347826086957, "102": 0.6645962732919255, "103": 0.577639751552795, "104": 0.5962732919254659, "105": 0.6335403726708074, "106": 0.5993788819875776, "107": 0.6180124223602484, "108": 0.6180124223602484, "109": 0.5993788819875776, "110": 0.6490683229813664, "111": 0.639751552795031, "112": 0.6366459627329193, "113": 0.6366459627329193, "114": 0.6521739130434783, "115": 0.5838509316770186, "116": 0.6459627329192547, "117": 0.6242236024844721, "118": 0.6708074534161491, "119": 0.6583850931677019, "120": 0.6180124223602484, "121": 0.577639751552795, "122": 0.6366459627329193, "123": 0.6366459627329193, "124": 0.6614906832298136, "125": 0.5993788819875776}