{"0": NaN, "1": NaN, "2": NaN, "3": 1.599458232429457, "4": NaN, "5": NaN, "6": 1.5994506622693554, "7": NaN, "8": NaN, "9": 1.599455768277186, "10": NaN, "11": NaN, "12": NaN, "13": NaN, "14": NaN, "15": NaN, "16": NaN, "17": NaN, "18": NaN, "19": 1.5994584456734036, "20": 1.5994505082598385, "21": NaN, "22": NaN, "23": NaN, "24": NaN, "25": NaN, "26": NaN, "27": NaN, "28": 1.5994545006603929, "29": 1.5994545835885943, "30": NaN, "31": 1.5994471792848954, "32": NaN, "33": 1.5994477360885335, "34": NaN, "35": NaN, "36": NaN, "37": NaN, "38": NaN, "39": 1.5994554247174944, "40": NaN, "41": 1.5994543940384196, "42": NaN, "43": NaN, "44": NaN, "45": 1.599450164700147, "46": NaN, "47": 1.5994510413697047, "48": 1.599461111222735, "49": NaN, "50": NaN, "51": NaN, "52": NaN, "53": NaN, "54": 1.5994491103273, "55": NaN}