{"0": 3.1412646844520333, "1": 3.0414502872443347, "2": 2.6812156179676885, "3": 2.6542116721964772, "4": 2.6481227045473843, "5": 2.633544045205442, "6": 3.1336322334242164, "7": 3.114074541174847, "8": 3.1185106786881915, "9": 2.702346102791543, "10": 2.6798695155552457, "11": 2.6776897122400887, "12": 3.135626940993789, "13": 2.700245661765152, "14": 3.3769928239147116, "15": 3.102623139849361, "16": 2.6839795319930366, "17": 2.6537661818984133, "18": 2.6472707712872428, "19": 2.6317578665218, "20": 3.133557337411442, "21": 3.14112541246118, "22": 3.1269210554798197, "23": 2.8246071856954824, "24": 2.6802470284219115, "25": 2.668529830363967, "26": 3.1356326038052575, "27": 3.133701987888502, "28": 3.1301512866286756, "29": 3.005943677440193, "30": 2.6801896184127525, "31": 2.651416399464104, "32": 2.6455916173709846, "33": 2.6398117823630387, "34": 3.13343962675296, "35": 3.134084357978394, "36": 3.0609970329711156, "37": 2.6941381418927115, "38": 2.6790290619275585, "39": 2.677494404478843, "40": 3.1356143832947154, "41": 3.1311401698900307, "42": 3.144068297392093, "43": 2.9943626830296486, "44": 2.6773288797887957, "45": 2.6523714006317327, "46": 2.643227666061117, "47": 2.64139555700077, "48": 3.133112794864252, "49": 3.137745472214977, "50": 3.1304864350312984, "51": 2.7518241361061238, "52": 2.6784759426709286, "53": 2.672390351384323, "54": 3.135614667619978, "55": 3.1333779281710985, "56": 3.1118137643944404, "57": 2.9980096046969016, "58": 2.678431967030401, "59": 2.655020364323018, "60": 2.64776146930197, "61": 2.6317979563837466, "62": 3.133666850024869, "63": 3.1607749180764144, "64": 3.1188934989597485, "65": 2.7006357560246625, "66": 2.679374363111413, "67": 2.6744363441230345, "68": 2.6709466780194586, "69": 3.1337454896535935, "70": 3.1416185627812925, "71": 3.0211361831759813, "72": 2.675615014496797, "73": 2.6552047018679032, "74": 2.646908991085076, "75": 2.6312588046056145, "76": 3.1335833413260326, "77": 3.13863832461908, "78": 3.1271873616283723, "79": 2.700959507723032, "80": 2.6809489090250147, "81": 2.6696144838510834, "82": 2.6673324063697956, "83": 3.1336375171353357, "84": 3.183804482406711, "85": 2.8003449884260663, "86": 2.6700810260654237, "87": 2.6539290528860153, "88": 2.6447891093188933, "89": 2.6268927532693613, "90": 3.1334761507022453, "91": 3.141170146302407, "92": 3.086174698349852, "93": 2.683764262229019, "94": 2.68056973759432, "95": 2.674261199761622, "96": 2.664579817967385, "97": 3.1272415611314477, "98": 3.139056590773304, "99": 2.7949134992516558, "100": 2.6703578640955574, "101": 2.6531137265033604, "102": 2.6441610348150597, "103": 2.6380724462663165, "104": 3.1329297367830455, "105": 3.1409280433417845, "106": 3.1269484099394047, "107": 2.6859634825901955, "108": 2.6815082005092075, "109": 2.673448408612553, "110": 2.6633835549680343, "111": 3.1334171295166016, "112": 3.14304704843841, "113": 2.81301144191197, "114": 2.669164242951766, "115": 2.6532016303968726, "116": 2.644159068231997, "117": 2.637617644315921, "118": 3.1333351253722768, "119": 3.4785846923449024, "120": 3.0783490838471406, "121": 2.6853891929484304, "122": 2.681709621263587, "123": 2.682538026608295, "124": 2.663364505175478, "125": 3.1332940759125703, "126": 3.211471913023765, "127": 2.836276960669097, "128": 2.6769962903135314, "129": 2.6564689067579943, "130": 2.6496232785053135, "131": 2.6237300375233525, "132": 3.1336178749984835, "133": 3.153509921909119, "134": 3.1326365145096866, "135": 2.6945576875106148, "136": 2.6837394666967924, "137": 2.671012570398935, "138": 3.135619809168466, "139": 3.1337130765737213, "140": 3.125722707428547, "141": 2.747702225394871, "142": 2.6670601175438544, "143": 2.655879476796026, "144": 2.649351724186299, "145": 2.6344621077827783, "146": 3.133366033897637, "147": 3.355631620987602, "148": 3.004385740860649, "149": 2.6836784078467706, "150": 2.681840055477545, "151": 2.6699707907919557, "152": 2.6723153250558034, "153": 3.133001718461884, "154": 3.127465550203501, "155": 2.7400323855950965, "156": 2.6633429675368787, "157": 2.654749615592246, "158": 2.6495566042313663, "159": 2.636732231756175, "160": 3.1330601828438893, "161": 3.1442093345689477, "162": 3.133265785548998, "163": 2.6853195332592317, "164": 2.6835167452415325, "165": 2.67240690148395, "166": 2.660174340194797, "167": 3.1332025942595108, "168": 3.190102073716821, "169": 3.1017107045428354, "170": 2.712106882415203, "171": 2.6524267848233998, "172": 2.64349223071744, "173": 2.6331055801107275, "174": 3.133572394803444, "175": 3.3608916146414622, "176": 3.135442662683333, "177": 3.1378881798027467, "178": 3.136860770468386, "179": 3.1362729161422447, "180": 3.1356256970707674, "181": 3.1336406565601043, "182": 3.142385174769052, "183": 3.131764050596249, "184": 2.698647587936117, "185": 2.652052174443784, "186": 2.6404110096996614, "187": 2.638628539091312, "188": 3.133562905447824, "189": 3.2704363876248, "190": 3.136791347716906, "191": 3.1381632289531067, "192": 3.1366925209945773, "193": 3.135970287441467, "194": 3.1356104738223625, "195": 3.133347339511658, "196": 3.1392372794773267, "197": 3.0554913112095425, "198": 2.6909205276773585, "199": 2.6510259734917874, "200": 2.642309544249351, "201": 2.63517203242142, "202": 3.133361093746209, "203": 3.138502239440539, "204": 3.1345056332416417, "205": 2.767530879618959, "206": 3.136338121402338, "207": 3.136512069228273, "208": 3.1356293814522878, "209": 3.13215156223463, "210": 3.139458674081364, "211": 3.0752345493861606, "212": 2.694972731311869, "213": 2.6542497007002743, "214": 2.6486302251401157, "215": 2.632645885396448, "216": 3.133290924640916, "217": 3.142779071878943, "218": 3.1389090022685364, "219": 3.13784887183527, "220": 3.1368213914195944, "221": 3.136568187926867, "222": 3.135615496901992, "223": 3.1333954852560293, "224": 3.1279082564833742, "225": 2.941764606452136, "226": 2.681658158391159, "227": 2.6516495224852, "228": 2.642982933091821, "229": 2.631000092310935, "230": 3.1336531313309757, "231": 3.1776200762446623, "232": 3.141772904011033, "233": 3.1373803748847533, "234": 3.136382037808436, "235": 3.136867120399238, "236": 3.135614170050769, "237": 3.1313243178847414, "238": 3.15681867421784, "239": 2.8806459888908433, "240": 2.670137559405025, "241": 2.6538012723745026, "242": 2.6426977785477725, "243": 2.636398386511003, "244": 3.1335412256465935, "245": 3.155219344618898, "246": 3.141179765973772, "247": 3.1390271512617978, "248": 3.1368624290324147, "249": 3.1362061115525526, "250": 3.1356311703320614, "251": 3.133691005825256, "252": 3.205949534540591, "253": 2.8360472495511453, "254": 2.6765056870738912, "255": 2.6551161819363234, "256": 2.6434029170445035, "257": 2.6271025616189707, "258": 3.1333618637937937, "259": 3.145931433446659, "260": 3.135814323188355, "261": 2.7423019409179688, "262": 3.136358770524493, "263": 3.1362312743382423, "264": 3.1356211834072325, "265": 3.127655337315909, "266": 3.143763524404964, "267": 2.818029628777356, "268": 2.6809427249505653, "269": 2.6512394306822595, "270": 2.6443743972304445, "271": 2.63795042334136, "272": 3.13319406450165, "273": 3.204908122187075, "274": 3.1389600149593, "275": 3.1380179505910935, "276": 3.1368397777865393, "277": 3.1364561282329677, "278": 3.1356179610542627, "279": 3.1325805972081535, "280": 3.1492311821220826, "281": 2.826185475225034, "282": 2.6677181409752886, "283": 2.6534664082971418, "284": 2.6427163189242346, "285": 2.6314400501132753, "286": 3.1336276131387084, "287": 3.143467210094381, "288": 3.1364101386218337, "289": 3.1385791138832615, "290": 3.1371868915439394, "291": 3.1369152424498377, "292": 3.135627628113172, "293": 3.133582121096783, "294": 3.135491673250376, "295": 2.821623026214031, "296": 2.6659015987230386, "297": 2.6559139275402757, "298": 2.6478878281871725, "299": 2.6340827349550233, "300": 3.1335511296432212, "301": 3.304649897984096, "302": 3.139199357595503, "303": 3.1381607766477218, "304": 3.1369471935011584, "305": 3.136197723957322,